<?xml version="1.0" encoding="UTF-8"?>
<project-private xmlns="http://www.netbeans.org/ns/project-private/1">
    <editor-bookmarks xmlns="http://www.netbeans.org/ns/editor-bookmarks/2" lastBookmarkId="0"/>
    <open-files xmlns="http://www.netbeans.org/ns/projectui-open-files/2">
        <group>
            <file>file:/F:/Kuliah/Semester%205/RPL%20T/Project_SIA_RPL_T/web/Css/CSS.css</file>
            <file>file:/F:/Kuliah/Semester%205/RPL%20T/Project_SIA_RPL_T/web/index.jsp</file>
            <file>file:/F:/Kuliah/Semester%205/RPL%20T/Project_SIA_RPL_T/web/Awal.html</file>
        </group>
    </open-files>
</project-private>
